<?xml version="1.0" encoding="UTF-8"?>
<project-private xmlns="http://www.netbeans.org/ns/project-private/1">
    <editor-bookmarks xmlns="http://www.netbeans.org/ns/editor-bookmarks/2" lastBookmarkId="0"/>
    <open-files xmlns="http://www.netbeans.org/ns/projectui-open-files/2">
        <group>
            <file>file:/E:/ucudal/Estructura%20de%20Datos/TBL/AED1-2020-1/UT3%20-%20Listas,%20Pilas%20y%20Colas/EJERCICIOS%20DOMICILIARIOS/PD12/PD12/src/Conjunto.java</file>
            <file>file:/E:/ucudal/Estructura%20de%20Datos/TBL/AED1-2020-1/UT3%20-%20Listas,%20Pilas%20y%20Colas/EJERCICIOS%20DOMICILIARIOS/PD12/PD12/src/Nodo.java</file>
            <file>file:/E:/ucudal/Estructura%20de%20Datos/TBL/AED1-2020-1/UT3%20-%20Listas,%20Pilas%20y%20Colas/EJERCICIOS%20DOMICILIARIOS/PD12/PD12/src/ILista.java</file>
            <file>file:/E:/ucudal/Estructura%20de%20Datos/TBL/AED1-2020-1/UT3%20-%20Listas,%20Pilas%20y%20Colas/EJERCICIOS%20DOMICILIARIOS/PD12/PD12/src/ProgramaPD12.java</file>
            <file>file:/E:/ucudal/Estructura%20de%20Datos/TBL/AED1-2020-1/UT3%20-%20Listas,%20Pilas%20y%20Colas/EJERCICIOS%20DOMICILIARIOS/PD12/PD12/src/ListaOrdenada.java</file>
            <file>file:/E:/ucudal/Estructura%20de%20Datos/TBL/AED1-2020-1/UT3%20-%20Listas,%20Pilas%20y%20Colas/EJERCICIOS%20DOMICILIARIOS/PD12/PD12/src/IConjunto.java</file>
            <file>file:/E:/ucudal/Estructura%20de%20Datos/TBL/AED1-2020-1/UT3%20-%20Listas,%20Pilas%20y%20Colas/EJERCICIOS%20DOMICILIARIOS/PD12/PD12/src/Lista.java</file>
        </group>
    </open-files>
</project-private>
